epoch,total,flow,x,y,aux_weight,lr_scale,seconds
1,500,0.76972,0.25592,0.07360,1.000,1,
2,500,0.72310,0.23888,0.06593,0.999,1,
3,500,0.70859,0.23596,0.06225,0.996,1,
4,500,0.69388,0.23351,0.06068,0.991,1,
5,500,0.68073,0.22986,0.05932,0.984,1,
6,500,0.66839,0.22719,0.05853,0.976,1,
7,500,0.65846,0.22432,0.05814,0.965,1,
8,500,0.64551,0.21882,0.05796,0.952,1,
9,500,0.63185,0.21290,0.05741,0.938,1,
10,500,0.61910,0.20790,0.05643,0.922,1,
11,500,0.60922,0.20393,0.05519,0.905,1,
12,500,0.60073,0.20078,0.05422,0.885,1,
13,500,0.59426,0.19996,0.05311,0.864,1,
14,500,0.58999,0.19767,0.05232,0.842,1,
15,500,0.58635,0.19687,0.05135,0.819,1,
16,500,0.58179,0.19536,0.05054,0.794,1,
17,500,0.57879,0.19415,0.04999,0.768,1,
18,500,0.57559,0.19258,0.04928,0.741,1,
19,500,0.57442,0.19304,0.04880,0.713,1,
20,500,0.57081,0.19138,0.04833,0.684,1,
21,500,0.56923,0.19168,0.04779,0.655,1,
22,500,0.56689,0.19081,0.04752,0.624,1,
23,500,0.56515,0.19041,0.04705,0.594,1,
24,500,0.56418,0.19068,0.04679,0.563,1,
25,500,0.56251,0.18947,0.04650,0.531,1,
26,500,0.56027,0.18894,0.04619,0.500,1,
27,500,0.55901,0.18842,0.04591,0.469,1,
28,500,0.55727,0.18805,0.04568,0.437,1,
29,500,0.55586,0.18748,0.04544,0.406,1,
30,500,0.55456,0.18669,0.04522,0.376,1,
31,500,0.55388,0.18639,0.04497,0.345,1,
32,500,0.55259,0.18616,0.04480,0.316,1,
33,500,0.55128,0.18507,0.04459,0.287,1,
34,500,0.54966,0.18558,0.04448,0.259,1,
35,500,0.54822,0.18549,0.04427,0.232,1,
36,500,0.54757,0.18468,0.04420,0.206,1,
37,500,0.54673,0.18489,0.04412,0.181,1,
38,500,0.54612,0.18429,0.04399,0.158,1,
39,500,0.54564,0.18426,0.04393,0.136,1,
40,500,0.54390,0.18399,0.04390,0.115,1,
41,500,0.54331,0.18320,0.04395,0.095,1,
42,500,0.54241,0.18265,0.04377,0.078,1,
43,500,0.54168,0.18348,0.04368,0.062,1,
44,500,0.54187,0.18260,0.04378,0.048,1,
45,500,0.54074,0.18287,0.04388,0.035,1,
46,500,0.54066,0.18217,0.04400,0.024,1,
47,500,0.53923,0.18194,0.04412,0.016,1,
48,500,0.53876,0.18224,0.04426,0.009,1,
49,500,0.53778,0.18314,0.04461,0.004,1,
50,500,0.53776,0.18299,0.04513,0.001,1,
51,500,0.53708,0.18236,4.51475,0.000,1,
52,500,0.53609,0.18241,4.87054,0.000,1,
53,500,0.53589,0.18223,5.06300,0.000,1,
54,500,0.53500,0.18362,5.33539,0.000,1,
55,500,0.53448,0.18432,5.37600,0.000,1,
56,500,0.53354,0.18351,5.58679,0.000,1,
57,500,0.53432,0.18438,5.81199,0.000,1,
58,500,0.53368,0.18432,6.36021,0.000,1,
59,500,0.53343,0.18426,6.58815,0.000,1,
